,label,label_status
0, c26,True
1, ,False
2, c66,True
3, c14,True
4, c14,True
5, ,False
6, c98,True
7, c2,True
8, c29,True
9, ,False
10, c35 c117,True
11, c61,True
12, ,False
13, c85,True
14, c29,True
15, ,False
16, c93,True
17, c95,True
18, c93,True
19, c95,True
20, ,False
21, c32,True
22, c59,True
23, ,False
24, ,False
25, ,False
26, ,False
27, c84,True
28, c30,True
29, c79,True
30, c17,True
31, c73,True
32, c61,True
33, c108,True
34, ,False
35, c30,True
36, c30,True
37, c27,True
38, c6,True
39, c95,True
40, c66,True
41, c98,True
42, c78,True
43, ,False
44, c90,True
45, c93,True
46, c27,True
47, c99,True
48, ,False
49, c30,True
50, c30 c31,True
51, ,False
52, ,False
53, ,False
54, c75,True
55, c73,True
56, ,False
57, ,False
58, c30,True
59, ,False
60, ,False
61, c0,True
62, c109,True
63, c1,True
64, c1,True
65, ,False
66, c0,True
67, c0,True
68, c30,True
69, c30,True
70, c95,True
71, ,False
72, c79,True
73, ,False
74, c82,True
75, ,False
76, ,False
77, c60,True
78, ,False
79, c0,True
80, c0,True
81, c0,True
82, c0,True
83, ,False
84, c0,True
85, c0,True
86, c0,True
87, c10,True
88, c10,True
89, c75,True
90, c0,True
91, c0,True
92, c0,True
93, c82,True
94, ,False
95, c0,True
96, c0,True
97, c27,True
98, c0,True
99, c78,True
100, ,False
101, ,False
102, c10,True
103, c95,True
104, ,False
105, c27,True
106, c0,True
107, c0,True
108, c95,True
109, ,False
110, ,False
111, c21,True
112, ,False
113, c30,True
114, c0,True
115, ,False
116, c99,True
117, ,False
118, c30,True
119, c0,True
120, ,False
121, c72,True
122, c0,True
123, ,False
124, ,False
125, ,False
126, c0,True
127, c0,True
128, ,False
129, ,False
130, ,False
131, ,False
132, c72,True
133, ,False
134, c10,True
135, ,False
136, c51,True
137, ,False
138, c0,True
139, ,False
140, c0,True
141, c51,True
142, ,False
143, ,False
144, ,False
145, ,False
146, ,False
147, ,False
148, ,False
149, c0,True
150, ,False
151, c0,True
152, c32,True
153, c0,True
154, c0,True
155, c10,True
156, c10,True
157, ,False
158, c27,True
159, c26,True
160, c26,True
161, c0,True
162, c21,True
163, c0,True
164, ,False
165, c72,True
166, c72,True
167, ,False
168, ,False
169, c90,True
170, ,False
171, ,False
172, ,False
173, ,False
174, ,False
175, ,False
176, ,False
177, c95,True
178, c47,True
179, ,False
180, ,False
181, ,False
182, ,False
183, ,False
184, ,False
185, ,False
186, c97,True
187, ,False
188, c71,True
189, c10,True
190, ,False
191, ,False
192, c10,True
193, c63,True
194, c63,True
195, ,False
196, ,False
197, ,False
198, ,False
199, ,False
200, c90,True
201, ,False
202, c97,True
203, c47,True
204, ,False
205, c73,True
206, c85,True
207, ,False
208, c10,True
209, c95,True
210, c61,True
211, c32,True
212, ,False
213, c95,True
214, c10,True
215, c2,True
216, c96,True
217, c95,True
218, c0,True
219, c30,True
220, ,False
221, c93,True
222, c47,True
223, c0,True
224, c0,True
225, c0,True
226, c72,True
227, ,False
228, c47,True
229, c47,True
230, ,False
231, c10,True
232, ,False
233, c72,True
234, c60,True
235, c95,True
236, ,False
237, ,False
238, c10,True
239, ,False
240, ,False
241, c47,True
242, c10,True
243, c47,True
244, ,False
245, c30,True
246, c0,True
247, c2,True
248, c26,True
249, ,False
250, c47,True
251, c102,True
252, c30,True
253, ,False
254, ,False
255, ,False
256, c34,True
257, c16,True
258, c46,True
259, ,False
260, c46,True
261, c30,True
262, ,False
263, ,False
264, c0,True
265, ,False
266, c36,True
267, ,False
268, ,False
269, c96,True
270, c30,True
271, ,False
272, c30,True
273, ,False
274, c0,True
275, ,False
276, ,False
277, ,False
278, c94,True
279, ,False
280, ,False
281, c96,True
282, c61,True
283, c0,True
284, ,False
285, ,False
286, ,False
287, c30,True
288, ,False
289, c75,True
290, c30,True
291, c95,True
292, c94,True
293, ,False
294, c95,True
295, c119,True
296, c3,True
297, c95,True
298, c0,True
299, c119,True
300, c95,True
301, c119,True
302, c51,True
303, c0,True
304, ,False
305, c95,True
306, ,False
307, c0,True
308, c0,True
309, c0,True
310, c30,True
311, c30,True
312, c0,True
313, c103,True
314, c0,True
315, c0,True
316, c0,True
317, c95,True
318, c94,True
319, c58,True
320, c30,True
321, ,False
322, ,False
323, c27,True
324, ,False
325, c0,True
326, c27,True
327, c30,True
328, c30,True
329, c30,True
330, c29,True
331, c0,True
332, c21,True
333, ,False
334, c48,True
335, ,False
336, ,False
337, ,False
338, ,False
339, ,False
340, c0,True
341, c1,True
342, ,False
343, ,False
344, ,False
345, ,False
346, c95,True
347, c47,True
348, ,False
349, c21,True
350, c10,True
351, c0,True
352, ,False
353, c30,True
354, ,False
355, ,False
356, ,False
357, c0,True
358, c2,True
359, c121,True
360, ,False
361, c58,True
362, c68,True
363, c0,True
364, ,False
365, ,False
366, ,False
367, ,False
368, ,False
369, c113,True
370, c30,True
371, ,False
372, ,False
373, ,False
374, c30,True
375, ,False
376, ,False
377, ,False
378, c72,True
379, ,False
380, ,False
381, ,False
382, ,False
383, ,False
384, ,False
385, ,False
386, ,False
387, ,False
388, c68,True
389, ,False
390, c14,True
391, c14,True
392, ,False
393, c14,True
394, ,False
395, ,False
396, ,False
397, c15,True
398, c113,True
399, ,False
400, ,False
401, ,False
402, ,False
403, ,False
404, ,False
405, c14,True
406, c80,True
407, c93,True
408, ,False
409, c32,True
410, ,False
411, ,False
412, c1,True
413, ,False
414, ,False
415, c94,True
416, ,False
417, c93,True
418, ,False
419, ,False
420, ,False
421, ,False
422, c108,True
423, ,False
424, ,False
425, c50,True
426, ,False
427, c93,True
428, c94,True
429, ,False
430, c80,True
431, ,False
432, ,False
433, ,False
434, ,False
435, ,False
436, ,False
437, ,False
438, c94,True
439, c71,True
440, c80,True
441, ,False
442, ,False
443, c32,True
444, c32,True
445, c9,True
446, ,False
447, ,False
448, ,False
449, c86,True
450, c32,True
451, ,False
452, c59,True
453, ,False
454, ,False
455, ,False
456, c68,True
457, ,False
458, ,False
459, ,False
460, ,False
461, ,False
462, ,False
463, ,False
464, ,False
465, ,False
466, c32,True
467, ,False
468, ,False
469, c55,True
470, ,False
471, c118,True
472, ,False
473, ,False
474, c30,True
475, c12,True
476, c93,True
477, c32,True
478, c68,True
479, c94,True
480, ,False
481, ,False
482, ,False
483, ,False
484, c19,True
485, c90,True
486, ,False
487, c30,True
488, ,False
489, ,False
490, ,False
491, ,False
492, ,False
493, ,False
494, c32,True
495, ,False
496, c52,True
497, ,False
498, ,False
499, ,False
500, ,False
501, c108,True
502, ,False
503, c30,True
504, c27,True
505, ,False
506, ,False
507, ,False
508, ,False
509, ,False
510, ,False
511, c48,True
512, ,False
513, ,False
514, ,False
515, ,False
516, ,False
517, c22,True
518, c22,True
519, c21,True
520, ,False
521, ,False
522, c32,True
523, ,False
524, ,False
525, ,False
526, ,False
527, c93,True
528, ,False
529, c12,True
530, c94,True
531, ,False
532, c35,True
533, c108,True
534, ,False
535, c52,True
536, c0,True
537, ,False
538, c35,True
539, ,False
540, ,False
541, ,False
542, ,False
543, ,False
544, ,False
545, c32,True
546, ,False
547, c27,True
548, c30,True
549, c79,True
550, ,False
551, c68,True
552, c27,True
553, ,False
554, ,False
555, ,False
556, c29,True
557, c26,True
558, c94,True
559, ,False
560, c113,True
561, ,False
562, c27,True
563, c97,True
564, c25,True
565, c50,True
566, ,False
567, ,False
568, c51,True
569, c81,True
570, ,False
571, ,False
572, ,False
573, c50,True
574, c51,True
575, ,False
576, c43,True
577, c108,True
578, ,False
579, c1,True
580, c73,True
581, c108,True
582, c0,True
583, c22,True
584, c51,True
585, c34,True
586, ,False
587, c0,True
588, ,False
589, ,False
590, ,False
591, c51,True
592, ,False
593, ,False
594, c90,True
595, ,False
596, c0,True
597, ,False
598, c24,True
599, ,False
600, c26,True
601, ,False
602, ,False
603, c95,True
604, c95,True
605, c95,True
606, ,False
607, c15,True
608, ,False
609, c76,True
610, ,False
611, ,False
612, c36,True
613, ,False
614, ,False
615, c78,True
616, ,False
617, c30,True
618, c49,True
619, ,False
620, ,False
621, c49,True
622, ,False
623, ,False
624, ,False
625, ,False
626, ,False
627, c50,True
628, c104,True
629, ,False
630, c108,True
631, ,False
632, c50,True
633, c50,True
634, c0,True
635, c24,True
636, c47,True
637, c0,True
638, c0,True
639, ,False
640, ,False
641, c78,True
642, ,False
643, c57,True
644, c84,True
645, c36,True
646, ,False
647, c24,True
648, c43,True
649, c15,True
650, c17,True
651, ,False
652, ,False
653, c50,True
654, c14,True
655, ,False
656, ,False
657, c113,True
658, c47,True
659, c47,True
660, ,False
661, ,False
662, c78,True
663, ,False
664, c36,True
665, c57,True
666, c57,True
667, c95,True
668, c95,True
669, c36,True
670, ,False
671, c50,True
672, c51,True
673, ,False
674, ,False
675, ,False
676, ,False
677, c6,True
678, ,False
679, ,False
680, ,False
681, ,False
682, ,False
683, c49,True
684, c49,True
685, c30,True
686, c97,True
687, c36,True
688, ,False
689, ,False
690, c7,True
691, c20,True
692, c20,True
693, ,False
694, c7,True
695, ,False
696, ,False
697, c0,True
698, c7,True
699, c7,True
700, c7,True
701, c36,True
702, ,False
703, c106,True
704, c47,True
705, c36,True
706, c36,True
707, c36,True
708, c14,True
709, c57,True
710, c57,True
711, ,False
712, ,False
713, ,False
714, c6,True
715, c0,True
716, c32,True
717, c106,True
718, ,False
719, ,False
720, ,False
721, c38,True
722, c14,True
723, ,False
724, c78,True
725, c26,True
726, c35,True
727, c36,True
728, c29,True
729, ,False
730, ,False
731, c36,True
732, c10,True
733, ,False
734, c6,True
735, c7,True
736, ,False
737, c78,True
738, ,False
739, ,False
740, c51,True
741, c36,True
742, c0,True
743, c36,True
744, c24,True
745, c50,True
746, ,False
747, ,False
748, ,False
749, ,False
750, ,False
751, ,False
752, c62,True
753, ,False
754, c7,True
755, c24,True
756, c7,True
757, ,False
758, ,False
759, c14,True
760, ,False
761, c78,True
762, ,False
763, c36,True
764, ,False
765, c95,True
766, ,False
767, c0,True
768, c84,True
769, c108,True
770, c51,True
771, c50,True
772, ,False
773, ,False
774, c15,True
775, c34,True
776, c113,True
777, c36,True
778, c36,True
779, c70,True
780, c34,True
781, ,False
782, c1,True
783, c0,True
784, c51,True
785, c41,True
786, c78,True
787, c2,True
788, ,False
789, ,False
790, c51,True
791, ,False
792, c98,True
793, ,False
794, ,False
795, c51,True
796, c51,True
797, ,False
798, ,False
799, ,False
800, c113,True
801, ,False
802, c26,True
803, c0,True
804, ,False
805, ,False
806, ,False
807, c24,True
808, ,False
809, c30,True
810, c41,True
811, ,False
812, c87,True
813, ,False
814, ,False
815, c0,True
816, ,False
817, ,False
818, ,False
819, c36,True
820, ,False
821, ,False
822, ,False
823, c0,True
824, c50,True
825, c15,True
826, c0,True
827, c9,True
828, c16,True
829, c78,True
830, ,False
831, c36,True
832, ,False
833, ,False
834, ,False
835, c50,True
836, ,False
837, c7,True
838, c78,True
839, c14,True
840, c52,True
841, c81,True
842, c78,True
843, ,False
844, c2,True
845, ,False
846, c78,True
847, ,False
848, ,False
849, ,False
850, c24,True
851, c14,True
852, ,False
853, ,False
854, ,False
855, ,False
856, ,False
857, c90,True
858, c50,True
859, ,False
860, ,False
861, c15,True
862, c15,True
863, c78,True
864, c100,True
865, ,False
866, ,False
867, ,False
868, ,False
869, ,False
870, ,False
871, ,False
872, ,False
873, c36,True
874, ,False
875, ,False
876, ,False
877, c1,True
878, ,False
879, c24,True
880, ,False
881, ,False
882, ,False
883, c113,True
884, c78,True
885, c84,True
886, ,False
887, c6,True
888, c47,True
889, c69,True
890, c0,True
891, c39,True
892, ,False
893, ,False
894, ,False
895, c36,True
896, c78,True
897, ,False
898, c23,True
899, c69,True
900, c15,True
901, ,False
902, c93,True
903, c93,True
904, c39,True
905, c81,True
906, ,False
907, c24,True
908, ,False
909, ,False
910, ,False
911, c105,True
912, ,False
913, ,False
914, ,False
915, ,False
916, ,False
917, ,False
918, c14,True
919, ,False
920, ,False
921, c47,True
922, ,False
923, c78,True
924, ,False
925, ,False
926, c36,True
927, ,False
928, ,False
929, c81,True
930, c30,True
931, c2,True
932, c2,True
933, ,False
934, c51,True
935, c15,True
936, c0,True
937, c9,True
938, c9,True
939, c78,True
940, ,False
941, c15,True
942, c23,True
943, ,False
944, ,False
945, ,False
946, ,False
947, ,False
948, c47,True
949, c51,True
950, c51,True
951, c23,True
952, c36,True
953, c98,True
954, c7,True
955, ,False
956, ,False
957, ,False
958, ,False
959, ,False
960, c14,True
961, ,False
962, ,False
963, c40,True
964, c40,True
965, ,False
966, ,False
967, ,False
968, c41,True
969, c9,True
970, c9,True
971, c9,True
972, ,False
973, c15,True
974, ,False
975, ,False
976, ,False
977, c30,True
978, c36,True
979, c46,True
980, c81,True
981, ,False
982, c17,True
983, ,False
984, ,False
985, ,False
986, c30,True
987, c9,True
988, c9,True
989, c68,True
990, ,False
991, ,False
992, ,False
993, ,False
994, ,False
995, c14,True
996, c14,True
997, ,False
998, c0,True
999, c15,True
1000, ,False
1001, c57,True
1002, c57,True
1003, c57,True
1004, c112,True
1005, c15,True
1006, c14,True
1007, ,False
1008, ,False
1009, c39,True
1010, c39,True
1011, c78,True
1012, ,False
1013, c2,True
1014, ,False
1015, c39,True
1016, ,False
1017, ,False
1018, c15,True
1019, c0,True
1020, c14,True
1021, c19,True
1022, c36,True
1023, ,False
1024, ,False
1025, ,False
1026, c52,True
1027, ,False
1028, c6,True
1029, c23,True
1030, ,False
1031, ,False
1032, ,False
1033, c14,True
1034, c0,True
1035, c0,True
1036, ,False
1037, c52,True
1038, ,False
1039, c53,True
1040, ,False
1041, c113,True
1042, ,False
1043, ,False
1044, ,False
1045, c20,True
1046, c95,True
1047, ,False
1048, c43,True
1049, c36,True
1050, ,False
1051, ,False
1052, c7,True
1053, ,False
1054, ,False
1055, c86,True
1056, c98,True
1057, c7,True
1058, ,False
1059, ,False
1060, ,False
1061, c44,True
1062, ,False
1063, ,False
1064, c36,True
1065, ,False
1066, ,False
1067, c39,True
1068, c40,True
1069, ,False
1070, c62,True
1071, ,False
1072, c15,True
1073, ,False
1074, c14,True
1075, c62,True
1076, ,False
1077, c7,True
1078, ,False
1079, c51,True
1080, c80,True
1081, c94,True
1082, c7,True
1083, c105,True
1084, c59,True
1085, ,False
1086, c78,True
1087, c80,True
1088, ,False
1089, c7,True
1090, ,False
1091, ,False
1092, ,False
1093, c7,True
1094, ,False
1095, ,False
1096, c2,True
1097, c15,True
1098, c72,True
1099, c0,True
1100, c50,True
1101, c36,True
1102, c36,True
1103, ,False
1104, c24,True
1105, c0,True
1106, ,False
1107, ,False
1108, ,False
1109, c36,True
1110, ,False
1111, ,False
1112, ,False
1113, ,False
1114, c7,True
1115, ,False
1116, ,False
1117, ,False
1118, c51,True
1119, ,False
1120, ,False
1121, ,False
1122, c0,True
1123, c14,True
1124, c7,True
1125, c78,True
1126, c7,True
1127, ,False
1128, c7,True
1129, ,False
1130, ,False
1131, ,False
1132, c47,True
1133, c41,True
1134, c36,True
1135, c36,True
1136, ,False
1137, ,False
1138, c52,True
1139, ,False
1140, ,False
1141, c47 c48,True
1142, c108,True
1143, ,False
1144, ,False
1145, c94,True
1146, c7,True
1147, c1,True
1148, c51,True
1149, ,False
1150, c36,True
1151, c78,True
1152, ,False
1153, ,False
1154, ,False
1155, ,False
1156, ,False
1157, ,False
1158, c7,True
1159, c36,True
1160, c95,True
1161, c16,True
1162, ,False
1163, ,False
1164, ,False
1165, ,False
1166, ,False
1167, ,False
1168, c51,True
1169, ,False
1170, ,False
1171, ,False
1172, ,False
1173, ,False
1174, c24,True
1175, ,False
1176, ,False
1177, c106,True
1178, c36,True
1179, c78,True
1180, ,False
1181, ,False
1182, c78,True
1183, ,False
1184, ,False
1185, ,False
1186, c36,True
1187, ,False
1188, ,False
1189, c12,True
1190, c36 c23,True
1191, ,False
1192, c50,True
1193, ,False
1194, c6,True
1195, ,False
1196, ,False
1197, ,False
1198, c50,True
1199, ,False
1200, ,False
1201, c76,True
1202, c24,True
1203, ,False
1204, c36,True
1205, ,False
1206, c14,True
1207, c0,True
1208, c51,True
1209, c24,True
1210, ,False
1211, ,False
1212, ,False
1213, ,False
1214, ,False
1215, ,False
1216, ,False
1217, ,False
1218, ,False
1219, c8,True
1220, c7,True
1221, c7,True
1222, c41,True
1223, c51,True
1224, c15,True
1225, ,False
1226, ,False
1227, ,False
1228, c24,True
1229, ,False
1230, ,False
1231, c0,True
1232, ,False
1233, c6,True
1234, c1,True
1235, c85,True
1236, c0,True
1237, c39,True
1238, ,False
1239, ,False
1240, c36,True
1241, ,False
1242, ,False
1243, ,False
1244, ,False
1245, c78,True
1246, ,False
1247, ,False
1248, ,False
1249, c62,True
1250, ,False
1251, c23,True
1252, c1,True
1253, c9,True
1254, c9,True
1255, c9,True
1256, c93,True
1257, ,False
1258, ,False
1259, c1,True
1260, ,False
1261, ,False
1262, ,False
1263, c39,True
1264, c39,True
1265, ,False
1266, ,False
1267, c39,True
1268, c7,True
1269, c23,True
1270, c69,True
1271, c36 c23,True
1272, ,False
1273, ,False
1274, c0,True
1275, c106,True
1276, c36,True
1277, ,False
1278, ,False
1279, c98,True
1280, ,False
1281, ,False
1282, ,False
1283, c39,True
1284, ,False
1285, ,False
1286, ,False
1287, c39,True
1288, ,False
1289, c33,True
1290, c94,True
1291, ,False
1292, c36,True
1293, ,False
1294, ,False
1295, ,False
1296, c52,True
1297, c36,True
1298, c52,True
1299, c52,True
1300, c14,True
1301, ,False
1302, ,False
1303, ,False
1304, c26,True
1305, c14,True
1306, ,False
1307, ,False
1308, ,False
1309, c72,True
1310, c50,True
1311, c95,True
1312, c95,True
1313, ,False
1314, c51,True
1315, ,False
1316, ,False
1317, c15,True
1318, c14,True
1319, ,False
1320, ,False
1321, c95,True
1322, ,False
1323, ,False
1324, c36,True
1325, c6,True
1326, ,False
1327, c36,True
1328, c96,True
1329, c96,True
1330, ,False
1331, ,False
1332, ,False
1333, c44,True
1334, c44,True
1335, c44,True
1336, ,False
1337, c21,True
1338, c13,True
1339, ,False
1340, ,False
1341, ,False
1342, c32,True
1343, ,False
1344, ,False
1345, c26,True
1346, ,False
1347, c57,True
1348, ,False
1349, ,False
1350, ,False
1351, ,False
1352, c95,True
1353, ,False
1354, c26,True
1355, ,False
1356, ,False
1357, ,False
1358, c14,True
1359, ,False
1360, c70,True
1361, ,False
1362, ,False
1363, ,False
1364, ,False
1365, ,False
1366, c15,True
1367, c14,True
1368, ,False
1369, ,False
1370, ,False
1371, ,False
1372, c115,True
1373, c15,True
1374, ,False
1375, ,False
1376, ,False
1377, ,False
1378, ,False
1379, ,False
1380, ,False
1381, c74,True
1382, ,False
1383, ,False
1384, ,False
1385, ,False
1386, ,False
1387, ,False
1388, ,False
1389, ,False
1390, ,False
1391, ,False
1392, c47,True
1393, ,False
1394, ,False
1395, c52,True
1396, ,False
1397, ,False
1398, ,False
1399, c104,True
1400, ,False
1401, ,False
1402, ,False
1403, c115,True
1404, c12,True
1405, ,False
1406, ,False
1407, c21,True
1408, c0,True
1409, c115,True
1410, ,False
1411, c12,True
1412, ,False
1413, c62,True
1414, ,False
1415, ,False
1416, c44,True
1417, c44,True
1418, c47,True
1419, c48,True
1420, ,False
1421, ,False
1422, ,False
1423, c10,True
1424, c44,True
1425, c44,True
1426, ,False
1427, c11,True
1428, ,False
1429, ,False
1430, ,False
1431, c21,True
1432, c26,True
1433, c26,True
1434, ,False
1435, ,False
1436, c24,True
1437, c46,True
1438, ,False
1439, ,False
1440, ,False
1441, ,False
1442, ,False
1443, ,False
1444, ,False
1445, ,False
1446, c36 c23,True
1447, ,False
1448, ,False
1449, c26,True
1450, c52,True
1451, c33,True
1452, c44,True
1453, c47,True
1454, ,False
1455, ,False
1456, ,False
1457, c24,True
1458, ,False
1459, c107,True
1460, ,False
1461, c34,True
1462, c56,True
1463, ,False
1464, ,False
1465, ,False
1466, ,False
1467, c78,True
1468, ,False
1469, ,False
1470, ,False
1471, c27,True
1472, ,False
1473, c70,True
1474, ,False
1475, c37,True
1476, ,False
1477, ,False
1478, c74,True
1479, ,False
1480, c33,True
1481, c33,True
1482, ,False
1483, c44,True
1484, c44,True
1485, ,False
1486, ,False
1487, ,False
1488, ,False
1489, c36 c23,True
1490, c23,True
1491, c26,True
1492, c108,True
1493, c52,True
1494, c0,True
1495, ,False
1496, ,False
1497, c44,True
1498, c44,True
1499, ,False
1500, ,False
1501, c47,True
1502, c36,True
1503, ,False
1504, ,False
1505, ,False
1506, c37,True
1507, ,False
1508, ,False
1509, c36,True
1510, ,False
1511, ,False
1512, c14,True
1513, c45,True
1514, c45,True
1515, c14,True
1516, ,False
1517, c23,True
1518, c7,True
1519, ,False
1520, c45,True
1521, c45,True
1522, c36 c23,True
1523, ,False
1524, c10,True
1525, c23,True
1526, ,False
1527, ,False
1528, c7,True
1529, ,False
1530, ,False
1531, c1,True
1532, c14,True
1533, c26,True
1534, ,False
1535, c45,True
1536, ,False
1537, ,False
1538, ,False
1539, c23,True
1540, c36,True
1541, c27,True
1542, ,False
1543, ,False
1544, ,False
1545, ,False
1546, ,False
1547, c48,True
1548, c0,True
1549, ,False
1550, c14,True
1551, ,False
1552, ,False
1553, c36 c23,True
1554, ,False
1555, c87,True
1556, ,False
1557, c99,True
1558, c36,True
1559, ,False
1560, ,False
1561, ,False
1562, ,False
1563, c27,True
1564, ,False
1565, ,False
1566, ,False
1567, c0,True
1568, ,False
1569, c78,True
1570, ,False
1571, c36,True
1572, c36 c23,True
1573, ,False
1574, c57,True
1575, ,False
1576, ,False
1577, ,False
1578, ,False
1579, ,False
1580, ,False
1581, c0,True
1582, ,False
1583, ,False
1584, c0,True
1585, ,False
1586, ,False
1587, c36,True
1588, c50,True
1589, ,False
1590, ,False
1591, c15,True
1592, c17,True
1593, c116,True
1594, ,False
1595, c95,True
1596, ,False
1597, ,False
1598, ,False
1599, c36,True
1600, ,False
1601, ,False
1602, c93,True
1603, ,False
1604, c33,True
1605, c36,True
1606, ,False
1607, c51,True
1608, ,False
1609, ,False
1610, ,False
1611, c80,True
1612, ,False
1613, ,False
1614, c23,True
1615, c27,True
1616, c33,True
1617, c33,True
1618, ,False
1619, c26,True
1620, c23,True
1621, c36 c23,True
1622, ,False
1623, c103,True
1624, c80,True
1625, c26,True
1626, c11,True
1627, ,False
1628, c23,True
1629, c26,True
1630, c0,True
1631, c24,True
1632, ,False
1633, ,False
1634, ,False
1635, ,False
1636, ,False
1637, ,False
1638, c82,True
1639, c0,True
1640, c0,True
1641, ,False
1642, ,False
1643, c80,True
1644, ,False
1645, c116,True
1646, ,False
1647, c26,True
1648, c36,True
1649, c36,True
1650, ,False
1651, c11,True
1652, ,False
1653, c108,True
1654, ,False
1655, ,False
1656, c116,True
1657, c80,True
1658, ,False
1659, c0,True
1660, c0,True
1661, ,False
1662, c0,True
1663, ,False
1664, c36 c23,True
1665, ,False
1666, ,False
1667, c0,True
1668, ,False
1669, ,False
1670, c0,True
1671, c0,True
1672, ,False
1673, ,False
1674, c44,True
1675, c47,True
1676, ,False
1677, c0,True
1678, c36,True
1679, c51,True
1680, c0,True
1681, ,False
1682, ,False
1683, c44,True
1684, c44,True
1685, c36 c23,True
1686, c0,True
1687, ,False
1688, c82 c83,True
1689, ,False
1690, ,False
1691, ,False
1692, ,False
1693, ,False
1694, c74,True
1695, ,False
1696, c95,True
1697, c51,True
1698, c70,True
1699, ,False
1700, ,False
1701, c74,True
1702, c26,True
1703, c0,True
1704, c51,True
1705, c26,True
1706, c26,True
1707, ,False
1708, ,False
1709, c36,True
1710, c44,True
1711, ,False
1712, c44,True
1713, ,False
1714, ,False
1715, ,False
1716, ,False
1717, c50,True
1718, ,False
1719, ,False
1720, ,False
1721, c50,True
1722, ,False
1723, ,False
1724, ,False
1725, ,False
1726, ,False
1727, c14,True
1728, c1,True
1729, c50,True
1730, c14,True
1731, c14,True
1732, ,False
1733, ,False
1734, ,False
1735, ,False
1736, ,False
1737, c51,True
1738, ,False
1739, ,False
1740, c36,True
1741, ,False
1742, ,False
1743, ,False
1744, ,False
1745, ,False
1746, c47,True
1747, c8,True
1748, ,False
1749, ,False
1750, c36,True
1751, c98,True
1752, ,False
1753, ,False
1754, c115,True
1755, c115,True
1756, ,False
1757, ,False
1758, c108,True
1759, c44,True
1760, ,False
1761, c16,True
1762, ,False
1763, ,False
1764, ,False
1765, c36,True
1766, c36,True
1767, c14,True
1768, ,False
1769, ,False
1770, ,False
1771, c45,True
1772, ,False
1773, c93,True
1774, ,False
1775, ,False
1776, ,False
1777, ,False
1778, ,False
1779, ,False
1780, c27,True
1781, ,False
1782, ,False
1783, ,False
1784, c0,True
1785, ,False
1786, c57,True
1787, ,False
1788, ,False
1789, c0,True
1790, ,False
1791, ,False
1792, ,False
1793, c23,True
1794, ,False
1795, ,False
1796, c36 c23,True
1797, c26,True
1798, ,False
1799, c0,True
1800, c36,True
1801, c23,True
1802, ,False
1803, c24,True
1804, ,False
1805, c80,True
1806, c115,True
1807, ,False
1808, ,False
1809, c0,True
1810, ,False
1811, c3,True
1812, ,False
1813, ,False
1814, ,False
1815, c0,True
1816, ,False
1817, ,False
1818, c115,True
1819, c36 c23,True
1820, ,False
1821, c51,True
1822, ,False
1823, c14,True
1824, c0,True
1825, c51,True
1826, c26,True
1827, c48,True
1828, c48,True
1829, c12,True
1830, c36,True
1831, c36,True
1832, c51,True
1833, ,False
1834, c61,True
1835, c99,True
1836, ,False
1837, ,False
1838, c108,True
1839, ,False
1840, ,False
1841, ,False
1842, c20,True
1843, ,False
1844, ,False
1845, c119,True
1846, ,False
1847, c24,True
1848, c0,True
1849, c0,True
1850, ,False
1851, c19,True
1852, c78,True
1853, c20,True
1854, c68,True
1855, c81,True
1856, ,False
1857, c0,True
1858, ,False
1859, ,False
1860, c35 c117,True
1861, ,False
1862, c25,True
1863, ,False
1864, c25,True
1865, c117,True
1866, c25,True
1867, c25,True
1868, ,False
1869, ,False
1870, ,False
1871, c72 c117,True
1872, c3,True
1873, ,False
1874, c25,True
1875, c25,True
1876, c30,True
1877, c82,True
1878, ,False
1879, ,False
1880, c73,True
1881, ,False
1882, c25,True
1883, c25,True
1884, ,False
1885, ,False
1886, c0,True
1887, c79,True
1888, ,False
1889, ,False
1890, ,False
1891, ,False
1892, c29,True
1893, c78,True
1894, ,False
1895, c112,True
1896, ,False
1897, ,False
1898, ,False
1899, ,False
1900, c29,True
1901, ,False
1902, ,False
1903, ,False
1904, ,False
1905, c0,True
1906, c25,True
1907, ,False
1908, ,False
1909, c114,True
1910, ,False
1911, ,False
1912, ,False
1913, c117,True
1914, ,False
1915, c51,True
1916, ,False
1917, ,False
1918, ,False
1919, c95,True
1920, c58,True
1921, ,False
1922, ,False
1923, ,False
1924, ,False
1925, c72 c117,True
1926, c95,True
1927, ,False
1928, c30,True
1929, c30,True
1930, c85,True
1931, ,False
1932, c117,True
1933, c72,True
1934, c8,True
1935, ,False
1936, c34,True
1937, ,False
1938, c17,True
1939, ,False
1940, ,False
1941, c25,True
1942, ,False
1943, ,False
1944, c58,True
1945, ,False
1946, c22,True
1947, ,False
1948, ,False
1949, c0,True
1950, c52,True
1951, ,False
1952, ,False
1953, ,False
1954, c54,True
1955, ,False
1956, ,False
1957, ,False
1958, ,False
1959, c109,True
1960, ,False
1961, ,False
1962, ,False
1963, c109,True
1964, ,False
1965, ,False
1966, ,False
1967, ,False
1968, c51,True
1969, c8,True
1970, ,False
1971, ,False
1972, c32,True
1973, c51,True
1974, c0,True
1975, c72 c117,True
1976, c72 c117,True
1977, ,False
1978, c51,True
1979, c30,True
1980, ,False
1981, c72 c117,True
1982, c61,True
1983, c96,True
1984, c34,True
1985, ,False
1986, ,False
1987, ,False
1988, ,False
1989, c0,True
1990, ,False
1991, ,False
1992, c30,True
1993, c30,True
1994, c0,True
1995, c30,True
1996, ,False
1997, ,False
1998, c53,True
1999, ,False
2000, ,False
2001, ,False
2002, c34,True
2003, ,False
2004, c66,True
2005, ,False
2006, c30,True
2007, c95,True
2008, ,False
2009, ,False
2010, ,False
2011, c32,True
2012, c95,True
2013, ,False
2014, c95,True
2015, c93,True
2016, ,False
2017, ,False
2018, c78,True
2019, ,False
2020, c21,True
2021, ,False
2022, c95,True
2023, c35,True
2024, ,False
2025, c10,True
2026, c0,True
2027, c81,True
2028, c81,True
2029, c68,True
2030, ,False
2031, ,False
2032, ,False
2033, ,False
2034, ,False
2035, c0,True
2036, c78,True
2037, c95,True
2038, ,False
2039, ,False
2040, ,False
2041, c30,True
2042, c52,True
2043, c61,True
2044, ,False
2045, c17,True
2046, ,False
2047, c10,True
2048, c0,True
2049, c12,True
2050, ,False
2051, ,False
2052, ,False
2053, ,False
2054, c78,True
2055, c22,True
2056, c0,True
2057, c0,True
2058, ,False
2059, ,False
2060, ,False
2061, ,False
2062, ,False
2063, c12,True
2064, ,False
2065, c0,True
2066, ,False
2067, ,False
2068, ,False
2069, c30,True
2070, c81,True
2071, ,False
2072, ,False
2073, c78,True
2074, c35,True
2075, ,False
2076, ,False
2077, c34,True
2078, c1,True
2079, ,False
2080, ,False
2081, ,False
2082, c12,True
2083, c0,True
2084, ,False
2085, ,False
2086, c12,True
2087, c12,True
2088, c61,True
2089, c53,True
2090, c12,True
2091, c86,True
2092, ,False
2093, c95,True
2094, c12,True
2095, c61,True
2096, c29,True
2097, c0,True
2098, c0,True
2099, ,False
2100, ,False
2101, c117,True
2102, c78,True
2103, c12,True
2104, c22,True
2105, ,False
2106, ,False
2107, ,False
2108, c114,True
2109, ,False
2110, ,False
2111, c12,True
2112, c32,True
2113, ,False
2114, ,False
2115, c10,True
2116, c10,True
2117, ,False
2118, c6,True
2119, c10,True
2120, c0,True
2121, c90,True
2122, c64,True
2123, ,False
2124, ,False
2125, c53,True
2126, c95,True
2127, ,False
2128, c30,True
2129, ,False
2130, ,False
2131, ,False
2132, c96,True
2133, c114,True
2134, c84,True
2135, ,False
2136, c15,True
2137, c95,True
2138, c72,True
2139, c0,True
2140, ,False
2141, ,False
2142, c90,True
2143, c0,True
2144, c21,True
2145, c90,True
2146, c86,True
2147, c86,True
2148, c25,True
2149, c33,True
2150, ,False
2151, c90,True
2152, c0,True
2153, c26,True
2154, c25,True
2155, ,False
2156, ,False
2157, c25,True
2158, c90,True
2159, c19,True
2160, c0,True
2161, c78,True
2162, c109,True
2163, c58,True
2164, c119,True
2165, ,False
2166, ,False
2167, c50,True
2168, ,False
2169, c22,True
2170, ,False
2171, c0,True
2172, c32,True
2173, c90,True
2174, c78,True
2175, ,False
2176, ,False
2177, ,False
2178, c95,True
2179, c34 c117,True
2180, c78,True
2181, c6,True
2182, c35 c117,True
2183, c58,True
2184, c90,True
2185, c0,True
2186, ,False
2187, ,False
2188, ,False
2189, c90,True
2190, ,False
2191, c29,True
2192, ,False
2193, c78,True
2194, c0,True
2195, ,False
2196, c0,True
2197, c61,True
2198, c35 c61,True
2199, c35,True
2200, c71,True
2201, c93,True
2202, c35,True
2203, ,False
2204, ,False
2205, ,False
2206, ,False
2207, c32,True
2208, c61 c117,True
2209, c90,True
2210, c117 c118,True
2211, c8,True
2212, ,False
2213, ,False
2214, c61,True
2215, c103,True
2216, ,False
2217, ,False
2218, ,False
2219, ,False
2220, ,False
2221, ,False
2222, ,False
2223, ,False
2224, c51,True
2225, c0,True
2226, ,False
2227, ,False
2228, ,False
2229, ,False
2230, c86,True
2231, c76,True
2232, ,False
2233, ,False
2234, ,False
2235, c30,True
2236, c53,True
2237, ,False
2238, ,False
2239, c32,True
2240, c30,True
2241, ,False
2242, ,False
2243, c10,True
2244, ,False
2245, ,False
2246, c72 c117,True
2247, ,False
2248, c61,True
2249, c0,True
2250, ,False
2251, c61,True
2252, c61,True
2253, ,False
2254, c12,True
2255, c90,True
2256, c0,True
2257, c0,True
2258, ,False
2259, c6,True
2260, ,False
2261, ,False
2262, c34,True
2263, c93,True
2264, c93,True
2265, c93,True
2266, ,False
2267, ,False
2268, c108,True
2269, ,False
2270, c10,True
2271, c10,True
2272, c0,True
2273, ,False
2274, ,False
2275, c96,True
2276, ,False
2277, ,False
2278, ,False
2279, ,False
2280, ,False
2281, c33,True
2282, c33,True
2283, ,False
2284, c80,True
2285, ,False
2286, c65,True
2287, ,False
2288, c93,True
2289, c95,True
2290, ,False
2291, ,False
2292, ,False
2293, c0,True
2294, c66,True
2295, c78,True
2296, ,False
2297, ,False
2298, ,False
2299, ,False
2300, ,False
2301, c10,True
2302, ,False
2303, c108,True
2304, ,False
2305, ,False
2306, ,False
2307, ,False
2308, ,False
2309, ,False
2310, ,False
2311, ,False
2312, c0,True
2313, c71,True
2314, ,False
2315, c29,True
2316, c32,True
2317, c0,True
2318, ,False
2319, ,False
2320, ,False
2321, c9,True
2322, ,False
2323, ,False
2324, ,False
2325, c113,True
2326, c96,True
2327, ,False
2328, c98,True
2329, c0,True
2330, ,False
2331, ,False
2332, c25,True
2333, ,False
2334, ,False
2335, c60,True
2336, ,False
2337, c52,True
2338, ,False
2339, c110,True
2340, ,False
2341, ,False
2342, c0,True
2343, ,False
2344, c95,True
2345, ,False
2346, ,False
2347, c52,True
2348, ,False
2349, c114,True
2350, ,False
2351, c0,True
2352, c100,True
2353, c112,True
2354, c32,True
2355, c35,True
2356, ,False
2357, ,False
2358, c112,True
2359, ,False
2360, ,False
2361, ,False
2362, ,False
2363, c78,True
2364, c14,True
2365, ,False
2366, ,False
2367, c113,True
2368, c113,True
2369, ,False
2370, ,False
2371, ,False
2372, ,False
2373, ,False
2374, c98,True
2375, c0,True
2376, ,False
2377, ,False
2378, ,False
2379, c3,True
2380, ,False
2381, ,False
2382, ,False
2383, ,False
2384, ,False
2385, c57,True
2386, ,False
2387, c61,True
2388, ,False
2389, ,False
2390, ,False
2391, c90,True
2392, ,False
2393, ,False
2394, ,False
2395, c54,True
2396, c19,True
2397, ,False
2398, ,False
2399, ,False
2400, c95,True
2401, ,False
2402, ,False
2403, ,False
2404, c89,True
2405, ,False
2406, c0,True
2407, c95,True
2408, ,False
2409, ,False
2410, ,False
2411, c0,True
2412, ,False
2413, c0,True
2414, c0,True
2415, ,False
2416, c95,True
2417, ,False
2418, c0,True
2419, c12,True
2420, ,False
2421, ,False
2422, c32,True
2423, ,False
2424, ,False
2425, ,False
2426, c47,True
2427, ,False
2428, ,False
2429, c71,True
2430, c101 c102,True
2431, c101 c102,True
2432, ,False
2433, ,False
2434, c78,True
2435, ,False
2436, ,False
2437, ,False
2438, ,False
2439, c101 c102,True
2440, ,False
2441, ,False
2442, c16,True
2443, c35 c117,True
2444, c25,True
2445, c0,True
2446, ,False
2447, ,False
2448, ,False
2449, ,False
2450, c65,True
2451, ,False
2452, ,False
2453, c0,True
2454, c86,True
2455, c78,True
2456, c95,True
2457, ,False
2458, ,False
2459, c94,True
2460, c35,True
2461, c30,True
2462, c32,True
2463, c0,True
2464, ,False
2465, c35,True
2466, c0,True
2467, ,False
2468, c113,True
2469, c101 c102,True
2470, ,False
2471, ,False
2472, ,False
2473, ,False
2474, ,False
2475, ,False
2476, ,False
2477, ,False
2478, ,False
2479, c113,True
2480, c35,True
2481, ,False
2482, c21,True
2483, ,False
2484, ,False
2485, c0,True
2486, c30,True
2487, ,False
2488, ,False
2489, ,False
2490, c25,True
2491, ,False
2492, c93,True
2493, c113,True
2494, ,False
2495, ,False
2496, ,False
2497, c102,True
2498, ,False
2499, ,False
2500, ,False
2501, ,False
2502, c113,True
2503, ,False
2504, ,False
2505, ,False
2506, c82,True
2507, c8,True
2508, c93,True
2509, c93,True
2510, ,False
2511, ,False
2512, c113,True
2513, c35,True
2514, ,False
2515, c102,True
2516, ,False
2517, ,False
2518, ,False
2519, ,False
2520, c93,True
2521, ,False
2522, ,False
2523, ,False
2524, c32,True
2525, ,False
2526, c100,True
2527, ,False
2528, ,False
2529, c50,True
2530, ,False
2531, c81,True
2532, ,False
2533, ,False
2534, c34,True
2535, ,False
2536, c35,True
2537, c34,True
2538, c11,True
2539, c6,True
2540, ,False
2541, c35,True
2542, c96,True
2543, c25,True
2544, ,False
2545, c95,True
2546, c7,True
2547, ,False
2548, c25,True
2549, c113,True
2550, c11,True
2551, ,False
2552, c11,True
2553, c11,True
2554, ,False
2555, c94,True
2556, c93,True
2557, ,False
2558, c25,True
2559, c35,True
2560, c25,True
2561, ,False
2562, c19,True
2563, c32,True
2564, c12,True
2565, ,False
2566, ,False
2567, ,False
2568, c12,True
2569, c25,True
2570, c6,True
2571, ,False
2572, ,False
2573, ,False
2574, c11,True
2575, c111,True
2576, ,False
2577, c6,True
2578, ,False
2579, c78,True
2580, ,False
2581, ,False
2582, c14,True
2583, ,False
2584, c32,True
2585, ,False
2586, ,False
2587, ,False
2588, ,False
2589, ,False
2590, ,False
2591, ,False
2592, c32,True
2593, c35,True
2594, c95,True
2595, ,False
2596, ,False
2597, ,False
2598, c11,True
2599, c110,True
2600, ,False
2601, c86,True
2602, ,False
2603, c30,True
2604, ,False
2605, ,False
2606, ,False
2607, ,False
2608, ,False
2609, ,False
2610, ,False
2611, c92,True
2612, c89,True
2613, c98,True
2614, ,False
2615, c95,True
2616, ,False
2617, c120,True
2618, c32,True
2619, ,False
2620, ,False
2621, ,False
2622, ,False
2623, c93,True
2624, ,False
2625, ,False
2626, c25,True
2627, c30,True
2628, c25,True
2629, ,False
2630, ,False
2631, ,False
2632, c35,True
2633, ,False
2634, c92,True
2635, ,False
2636, ,False
2637, ,False
2638, ,False
2639, c82,True
2640, c113,True
2641, ,False
2642, ,False
2643, ,False
2644, c80,True
2645, c120,True
2646, ,False
2647, c34,True
2648, c30,True
2649, c35,True
2650, c91,True
2651, ,False
2652, ,False
2653, c113,True
2654, c35,True
2655, c0,True
2656, ,False
2657, c35,True
2658, c0,True
2659, ,False
2660, c25,True
2661, ,False
2662, c30,True
2663, c0,True
2664, ,False
2665, c35,True
2666, ,False
2667, c22,True
2668, ,False
2669, ,False
2670, c113,True
2671, ,False
2672, ,False
2673, ,False
2674, c72,True
2675, c77,True
2676, ,False
2677, ,False
2678, c47,True
2679, ,False
2680, ,False
2681, c96,True
2682, ,False
2683, ,False
2684, c72,True
2685, ,False
2686, ,False
2687, ,False
2688, ,False
2689, c80,True
2690, c72,True
2691, c92,True
2692, ,False
2693, c80,True
2694, c80,True
2695, ,False
2696, c58,True
2697, ,False
2698, c93,True
2699, ,False
2700, ,False
2701, ,False
2702, c114,True
2703, ,False
2704, c14,True
2705, ,False
2706, ,False
2707, ,False
2708, ,False
2709, c57,True
2710, ,False
2711, c32,True
2712, ,False
2713, ,False
2714, ,False
2715, ,False
2716, c35,True
2717, ,False
2718, ,False
2719, c12,True
2720, ,False
2721, c35,True
2722, c90,True
2723, c35,True
2724, c30,True
2725, ,False
2726, c90,True
2727, c108,True
2728, ,False
2729, c0,True
2730, ,False
2731, ,False
2732, ,False
2733, ,False
2734, ,False
2735, c92,True
2736, ,False
2737, c50,True
2738, ,False
2739, c20,True
2740, c34,True
2741, c14,True
2742, ,False
2743, c30,True
2744, c96,True
2745, c0,True
2746, c30,True
2747, c0,True
2748, c14,True
2749, c113,True
2750, c82,True
2751, ,False
2752, c32,True
2753, ,False
2754, c0,True
2755, ,False
2756, ,False
2757, ,False
2758, c68,True
2759, ,False
2760, ,False
2761, c22,True
2762, c77,True
2763, c77,True
2764, c77,True
2765, ,False
2766, ,False
2767, ,False
2768, ,False
2769, c98,True
2770, ,False
2771, ,False
2772, ,False
2773, ,False
2774, c17,True
2775, c114,True
2776, c113,True
2777, ,False
2778, c35,True
2779, c10,True
2780, ,False
2781, ,False
2782, c86,True
2783, ,False
2784, c78,True
2785, c78,True
2786, ,False
2787, ,False
2788, ,False
2789, ,False
2790, c14,True
2791, ,False
2792, ,False
2793, ,False
2794, ,False
2795, c78,True
2796, c14,True
2797, ,False
2798, ,False
2799, ,False
2800, ,False
2801, ,False
2802, ,False
2803, c43,True
2804, ,False
2805, ,False
2806, ,False
2807, ,False
2808, c0,True
2809, ,False
2810, ,False
2811, c14,True
2812, ,False
2813, ,False
2814, ,False
2815, ,False
2816, ,False
2817, c99,True
2818, ,False
2819, c28,True
2820, c88,True
2821, ,False
2822, ,False
2823, ,False
2824, ,False
2825, ,False
2826, c78,True
2827, ,False
2828, ,False
2829, c28,True
2830, c14,True
2831, ,False
2832, ,False
2833, c86,True
2834, c47,True
2835, c28,True
2836, ,False
2837, c88,True
2838, c97,True
2839, c94,True
2840, c32,True
2841, c7,True
2842, c0,True
2843, c0,True
2844, ,False
2845, ,False
2846, ,False
2847, c107,True
2848, c18,True
2849, ,False
2850, c50,True
2851, ,False
2852, ,False
2853, ,False
2854, ,False
2855, c69,True
2856, ,False
2857, ,False
2858, c15,True
2859, ,False
2860, c18,True
2861, c95,True
2862, c14,True
2863, ,False
2864, c30,True
2865, ,False
2866, c0,True
2867, ,False
2868, ,False
2869, ,False
2870, c50,True
2871, ,False
2872, ,False
2873, ,False
2874, c71,True
2875, ,False
2876, ,False
2877, ,False
2878, c0,True
2879, c0,True
2880, c30,True
2881, ,False
2882, c0,True
2883, ,False
2884, ,False
2885, c15,True
2886, ,False
2887, ,False
2888, ,False
2889, c89,True
2890, c104,True
2891, c35,True
2892, ,False
2893, ,False
2894, c36,True
2895, ,False
2896, ,False
2897, ,False
2898, ,False
2899, c36,True
2900, ,False
2901, ,False
2902, ,False
2903, ,False
2904, ,False
2905, ,False
2906, ,False
2907, ,False
2908, c14,True
2909, c25,True
2910, ,False
2911, c78,True
2912, c0,True
2913, ,False
2914, c78,True
2915, c32,True
2916, c15,True
2917, c2,True
2918, c105,True
2919, c15,True
2920, c108,True
2921, c34,True
2922, c14,True
2923, c15,True
2924, c36,True
2925, c23,True
2926, c36,True
2927, ,False
2928, ,False
2929, ,False
2930, c36,True
2931, c36,True
2932, ,False
2933, c107,True
2934, ,False
2935, ,False
2936, ,False
2937, ,False
2938, c78,True
2939, c95,True
2940, c78,True
2941, ,False
2942, ,False
2943, ,False
2944, ,False
2945, ,False
2946, c15,True
2947, c0,True
2948, c0,True
2949, c36,True
2950, c36,True
2951, c15,True
2952, ,False
2953, ,False
2954, ,False
2955, ,False
2956, ,False
2957, ,False
2958, ,False
2959, ,False
2960, ,False
2961, c36,True
2962, c14,True
2963, c47,True
2964, c6,True
2965, ,False
2966, c48,True
2967, c36,True
2968, ,False
2969, ,False
2970, ,False
2971, c1,True
2972, ,False
2973, ,False
2974, c105,True
2975, ,False
2976, c0,True
2977, c0,True
2978, c90,True
2979, c34,True
2980, ,False
2981, ,False
2982, ,False
2983, ,False
2984, ,False
2985, c91,True
2986, ,False
2987, c22,True
2988, c53,True
2989, c53,True
2990, c98,True
2991, c52,True
2992, ,False
2993, ,False
2994, ,False
2995, c95,True
2996, c95,True
2997, ,False
2998, ,False
2999, ,False
3000, ,False
3001, c53,True
3002, ,False
3003, ,False
3004, ,False
3005, ,False
3006, c62,True
3007, c13,True
3008, c14,True
3009, c14,True
3010, c107,True
3011, ,False
3012, ,False
3013, ,False
3014, ,False
3015, ,False
3016, ,False
3017, ,False
3018, c50,True
3019, c72,True
3020, c30,True
3021, ,False
3022, c43,True
3023, c0,True
3024, c14,True
3025, c84,True
3026, c30 c72,True
3027, ,False
3028, c48,True
3029, c95,True
3030, ,False
3031, ,False
3032, c51,True
3033, ,False
3034, c14,True
3035, ,False
3036, ,False
3037, ,False
3038, ,False
3039, ,False
3040, ,False
3041, c108,True
3042, ,False
3043, ,False
3044, ,False
3045, ,False
3046, c36,True
3047, c1,True
3048, c36,True
3049, c15,True
3050, ,False
3051, ,False
3052, ,False
3053, c95,True
3054, c98,True
3055, ,False
3056, c24,True
3057, c52,True
3058, ,False
3059, c52,True
3060, ,False
3061, c30,True
3062, ,False
3063, ,False
3064, c36,True
3065, ,False
3066, c73,True
3067, ,False
3068, ,False
3069, ,False
3070, ,False
3071, ,False
3072, c52,True
3073, ,False
3074, c34,True
3075, ,False
3076, c19,True
3077, ,False
3078, ,False
3079, ,False
3080, ,False
3081, ,False
3082, c14,True
3083, c15,True
3084, c14,True
3085, c59,True
3086, c30,True
3087, c0,True
3088, ,False
3089, c50,True
3090, ,False
3091, c12,True
3092, c99,True
3093, ,False
3094, ,False
3095, ,False
3096, ,False
3097, ,False
3098, c14,True
3099, c8,True
3100, ,False
3101, ,False
3102, ,False
3103, c36,True
3104, c14,True
3105, c0,True
3106, c0,True
3107, c95,True
3108, ,False
3109, ,False
3110, ,False
3111, ,False
3112, c36,True
3113, c14,True
3114, c1,True
3115, c43,True
3116, c107,True
3117, c46,True
3118, ,False
3119, ,False
3120, c1,True
3121, c46,True
3122, c1,True
3123, c12 c17,True
3124, c13,True
3125, c46,True
3126, ,False
3127, ,False
3128, ,False
3129, ,False
3130, c0,True
3131, ,False
3132, ,False
3133, c47,True
3134, ,False
3135, c43,True
3136, ,False
3137, c23,True
3138, ,False
3139, ,False
3140, c78,True
3141, ,False
3142, c21,True
3143, ,False
3144, ,False
3145, ,False
3146, ,False
3147, c46,True
3148, c50,True
3149, ,False
3150, ,False
3151, c46,True
3152, ,False
3153, ,False
3154, c95,True
3155, c14,True
3156, ,False
3157, c28,True
3158, ,False
3159, ,False
3160, ,False
3161, c89,True
3162, c56,True
3163, c97,True
3164, ,False
3165, ,False
3166, c0,True
3167, ,False
3168, ,False
3169, c10,True
3170, ,False
3171, ,False
3172, ,False
3173, c15,True
3174, ,False
3175, ,False
3176, ,False
3177, ,False
3178, ,False
3179, ,False
3180, ,False
3181, ,False
3182, ,False
3183, c14,True
3184, c56,True
3185, c95,True
3186, ,False
3187, ,False
3188, c68,True
3189, c95,True
3190, ,False
3191, ,False
3192, c46,True
3193, ,False
3194, c28,True
3195, ,False
3196, ,False
3197, ,False
3198, ,False
3199, ,False
3200, ,False
3201, ,False
3202, ,False
3203, ,False
3204, ,False
3205, ,False
3206, ,False
3207, c0,True
3208, ,False
3209, c109,True
3210, c53,True
3211, ,False
3212, ,False
3213, c14,True
3214, c107,True
3215, ,False
3216, ,False
3217, c69,True
3218, ,False
3219, c0,True
3220, c95,True
3221, c8,True
3222, c70,True
3223, ,False
3224, c0,True
3225, c105,True
3226, c78,True
3227, ,False
3228, ,False
3229, c14,True
3230, c108,True
3231, c81,True
3232, c23,True
3233, c50,True
3234, ,False
3235, c0,True
3236, ,False
3237, c56,True
3238, ,False
3239, c36,True
3240, ,False
3241, c15,True
3242, c14,True
3243, c69,True
3244, c8,True
3245, ,False
3246, ,False
3247, c81,True
3248, ,False
3249, ,False
3250, ,False
3251, ,False
3252, c0,True
3253, ,False
3254, c50,True
3255, ,False
3256, ,False
3257, c24,True
3258, c0,True
3259, ,False
3260, c0,True
3261, c53,True
3262, c47 c48,True
3263, ,False
3264, ,False
3265, c52,True
3266, ,False
3267, ,False
3268, ,False
3269, ,False
3270, c52,True
3271, ,False
3272, c14,True
3273, ,False
3274, c3,True
3275, ,False
3276, ,False
3277, ,False
3278, c95,True
3279, c119,True
3280, ,False
3281, c1,True
3282, c0,True
3283, c95,True
3284, c51,True
3285, c34,True
3286, ,False
3287, c89,True
3288, c0,True
3289, c0,True
3290, c19,True
3291, ,False
3292, ,False
3293, c30,True
3294, c30,True
3295, c99,True
3296, c7,True
3297, c50,True
3298, ,False
3299, c0,True
3300, ,False
3301, c3,True
3302, c78,True
3303, ,False
3304, c14,True
3305, c35,True
3306, c14,True
3307, ,False
3308, ,False
3309, c18,True
3310, c18,True
3311, ,False
3312, ,False
3313, c0,True
3314, ,False
3315, c34,True
3316, c0,True
3317, ,False
3318, c95,True
3319, c95,True
3320, ,False
3321, c48,True
3322, c50,True
3323, ,False
3324, c8,True
3325, c35 c54,True
3326, ,False
3327, c89,True
3328, c51,True
3329, ,False
3330, ,False
3331, ,False
3332, c78,True
3333, c0,True
3334, c36,True
3335, ,False
3336, c78,True
3337, ,False
3338, ,False
3339, ,False
3340, ,False
3341, c34,True
3342, c34,True
3343, c72,True
3344, c48,True
3345, c14,True
3346, ,False
3347, ,False
3348, ,False
3349, c32,True
3350, ,False
3351, c95,True
3352, ,False
3353, ,False
3354, c23,True
3355, c0,True
3356, c105,True
3357, c15,True
3358, c50,True
3359, ,False
3360, c78,True
3361, c0,True
3362, c15,True
3363, c8,True
3364, c34,True
3365, ,False
3366, c91,True
3367, ,False
3368, ,False
3369, ,False
3370, ,False
3371, ,False
3372, c7,True
3373, c48,True
3374, ,False
3375, c15,True
3376, c34,True
3377, c35,True
3378, c14,True
3379, ,False
3380, ,False
3381, ,False
3382, c36,True
3383, c15,True
3384, ,False
3385, c0,True
3386, c5,True
3387, c106,True
3388, ,False
3389, c110,True
3390, c61,True
3391, ,False
3392, ,False
3393, ,False
3394, c30,True
3395, ,False
3396, c1,True
3397, c36,True
3398, c24,True
3399, c51,True
3400, c26,True
3401, ,False
3402, ,False
3403, c39,True
3404, c93,True
3405, ,False
3406, ,False
3407, c95,True
3408, ,False
3409, c81,True
3410, c10,True
3411, ,False
3412, c95,True
3413, c95,True
3414, ,False
3415, ,False
3416, c107,True
3417, ,False
3418, ,False
3419, ,False
3420, c81,True
3421, ,False
3422, c15,True
3423, c119,True
3424, ,False
3425, ,False
3426, ,False
3427, ,False
3428, ,False
3429, ,False
3430, c14,True
3431, ,False
3432, c0,True
3433, ,False
3434, ,False
3435, c36,True
3436, ,False
3437, c0,True
3438, c47 c48,True
3439, c23,True
3440, ,False
3441, c48,True
3442, ,False
3443, ,False
3444, c4,True
3445, ,False
3446, ,False
3447, ,False
3448, c0,True
3449, c0,True
3450, c3,True
3451, c113,True
3452, ,False
3453, ,False
3454, ,False
3455, ,False
3456, ,False
3457, ,False
3458, ,False
3459, c12,True
3460, c63,True
3461, c36,True
3462, c25,True
3463, c25,True
3464, c25,True
3465, c25,True
3466, ,False
3467, c37,True
3468, c25,True
3469, ,False
3470, c25,True
3471, ,False
3472, ,False
3473, c67,True
3474, ,False
3475, c36,True
3476, ,False
3477, ,False
3478, c14,True
3479, c15,True
3480, ,False
3481, c24,True
3482, ,False
3483, c17,True
3484, ,False
3485, c13,True
3486, ,False
3487, ,False
3488, ,False
3489, c24,True
3490, c57,True
3491, c121,True
3492, c10,True
3493, c26,True
3494, ,False
3495, ,False
3496, ,False
3497, c36,True
3498, c95,True
3499, ,False
3500, ,False
3501, ,False
3502, c24,True
3503, ,False
3504, ,False
3505, ,False
3506, c0,True
3507, c76,True
3508, c100,True
3509, ,False
3510, ,False
3511, c0,True
3512, ,False
3513, c70,True
3514, c30,True
3515, ,False
3516, ,False
3517, c25,True
3518, ,False
3519, ,False
3520, ,False
3521, ,False
3522, c70,True
3523, c98,True
3524, ,False
3525, c91,True
3526, ,False
3527, ,False
3528, ,False
3529, ,False
3530, ,False
3531, ,False
3532, ,False
3533, ,False
3534, c68,True
3535, ,False
3536, ,False
3537, c17,True
3538, ,False
3539, c13,True
3540, c91,True
3541, ,False
3542, c0,True
3543, ,False
3544, ,False
3545, c23,True
3546, ,False
3547, ,False
3548, c14,True
3549, c14,True
3550, c37,True
3551, c68,True
3552, ,False
3553, ,False
3554, c68,True
3555, ,False
3556, ,False
3557, c30,True
3558, ,False
3559, c36 c23,True
3560, c36,True
3561, c0,True
3562, ,False
3563, c2,True
3564, ,False
3565, ,False
3566, c78,True
3567, c78,True
3568, c37,True
3569, c22,True
3570, c37,True
3571, c50,True
3572, c25,True
3573, ,False
3574, ,False
3575, c25,True
3576, c25,True
3577, c30,True
3578, ,False
3579, c54,True
3580, ,False
3581, c16,True
3582, c25,True
3583, ,False
3584, ,False
3585, ,False
3586, ,False
3587, ,False
3588, c0,True
3589, ,False
3590, ,False
3591, c25,True
3592, c0,True
3593, ,False
3594, c54,True
3595, ,False
3596, c50,True
3597, c24,True
3598, c35,True
3599, ,False
3600, c98,True
3601, ,False
3602, c37,True
3603, c0,True
3604, c87,True
3605, c0,True
3606, c51,True
3607, c14,True
3608, c25,True
3609, c25,True
3610, c3,True
3611, ,False
3612, c57,True
3613, c25,True
3614, c25,True
3615, c35,True
3616, ,False
3617, c33,True
3618, c33,True
3619, ,False
3620, ,False
3621, ,False
3622, c32,True
3623, ,False
3624, c16,True
3625, ,False
3626, c24,True
3627, ,False
3628, ,False
3629, c62,True
3630, ,False
3631, ,False
3632, ,False
3633, c38,True
3634, ,False
3635, c57,True
3636, c98,True
3637, ,False
3638, ,False
3639, c36,True
3640, c23,True
3641, c84,True
3642, ,False
3643, ,False
3644, ,False
3645, ,False
3646, ,False
3647, c65,True
3648, c99,True
3649, ,False
3650, ,False
3651, ,False
3652, c0,True
3653, ,False
3654, c24,True
3655, ,False
3656, ,False
3657, c25,True
3658, c25,True
3659, ,False
3660, c121,True
3661, c121,True
3662, ,False
3663, ,False
3664, c86,True
3665, c54,True
3666, ,False
3667, ,False
3668, ,False
3669, ,False
3670, c0,True
3671, c24,True
3672, ,False
3673, ,False
3674, c80,True
3675, ,False
3676, c43,True
3677, ,False
3678, c98,True
3679, ,False
3680, ,False
3681, c23,True
3682, c0,True
3683, c6,True
3684, ,False
3685, c35 c54,True
3686, ,False
3687, c33,True
3688, ,False
3689, ,False
3690, ,False
3691, ,False
3692, ,False
3693, ,False
3694, c11,True
3695, c24,True
3696, ,False
3697, ,False
3698, c24,True
3699, ,False
3700, c70,True
3701, c64,True
3702, ,False
3703, ,False
3704, c95,True
3705, ,False
3706, c25,True
3707, c96,True
3708, ,False
3709, ,False
3710, c36,True
3711, c32,True
3712, ,False
3713, ,False
3714, ,False
3715, c0,True
3716, ,False
3717, ,False
3718, c33,True
3719, ,False
3720, ,False
3721, c24,True
3722, c80,True
3723, ,False
3724, ,False
3725, ,False
3726, c33,True
3727, ,False
3728, ,False
3729, ,False
3730, c89,True
3731, c11,True
3732, ,False
3733, ,False
3734, ,False
3735, ,False
3736, c80,True
3737, ,False
3738, ,False
3739, ,False
3740, c98,True
3741, ,False
3742, c89,True
3743, c25,True
3744, ,False
3745, ,False
3746, ,False
3747, ,False
3748, ,False
3749, ,False
3750, ,False
3751, c12,True
3752, ,False
3753, c119,True
3754, c90,True
3755, ,False
3756, c23,True
3757, c36,True
3758, ,False
3759, ,False
3760, ,False
3761, c0,True
3762, c0,True
3763, c25,True
3764, ,False
3765, ,False
3766, c14,True
3767, c25,True
3768, c25,True
3769, ,False
3770, ,False
3771, c21,True
3772, c12,True
3773, c25,True
3774, c36,True
3775, ,False
3776, ,False
3777, ,False
3778, ,False
3779, ,False
3780, ,False
3781, ,False
3782, c24,True
3783, c0,True
3784, c95,True
3785, c35 c117,True
3786, c21,True
3787, ,False
3788, ,False
3789, c33,True
3790, ,False
3791, ,False
3792, ,False
3793, c113,True
3794, ,False
3795, ,False
3796, ,False
3797, c30,True
3798, ,False
3799, c61,True
3800, ,False
3801, ,False
